{"flutter":{"platforms":{"android":{"default":{"projectId":"dune-e9f08","appId":"1:925380284779:android:b95534ebd8564ba8757c2e","fileOutput":"android/app/google-services.json"}},"dart":{"lib/firebase_options.dart":{"projectId":"dune-e9f08","configurations":{"android":"1:925380284779:android:b95534ebd8564ba8757c2e","ios":"1:925380284779:ios:c9a0d7f4a65dca85757c2e","macos":"1:925380284779:ios:c9a0d7f4a65dca85757c2e","web":"1:925380284779:web:ee4f3a06243db0de757c2e","windows":"1:925380284779:web:da2dd92211c7b6b7757c2e"}}}}}}