{
  "project_info": {
    "project_number": "925380284779",
    "firebase_url": "https://dune-e9f08-default-rtdb.firebaseio.com",
    "project_id": "dune-e9f08",
    "storage_bucket": "dune-e9f08.appspot.com"
  },
  "client": [
    {
      "client_info": {
        "mobilesdk_app_id": "1:925380284779:android:b95534ebd8564ba8757c2e",
        "android_client_info": {
          "package_name": "com.example.dune"
        }
      },
      "oauth_client": [],
      "api_key": [
        {
          "current_key": "AIzaSyBnYWerDvFEHUExL07BgbynIT99qtVLrvc"
        }
      ],
      "services": {
        "appinvite_service": {
          "other_platform_oauth_client": []
        }
      }
    },
    {
      "client_info": {
        "mobilesdk_app_id": "1:925380284779:android:c5ea3c2e5967a29f757c2e",
        "android_client_info": {
          "package_name": "com.example.dunes"
        }
      },
      "oauth_client": [],
      "api_key": [
        {
          "current_key": "AIzaSyBnYWerDvFEHUExL07BgbynIT99qtVLrvc"
        }
      ],
      "services": {
        "appinvite_service": {
          "other_platform_oauth_client": []
        }
      }
    }
  ],
  "configuration_version": "1"
}